ATA;2017-10-31 11:35:57;2017-10-31 11:35:57
ATESTADO;2017-10-31 11:36:09;2017-10-31 11:36:09
AVISO;2017-10-31 11:36:16;2017-10-31 11:36:16
CARTA;2017-10-31 11:36:34;2017-10-31 11:36:34
CONVITE;2017-10-31 11:36:43;2017-10-31 11:36:43
DECRETO;2017-10-31 11:36:55;2017-10-31 11:36:55
DECRETO-LEI;2017-10-31 11:37:03;2017-10-31 11:37:03
DESPACHO;2017-10-31 11:37:22;2017-10-31 11:37:22
LEI;2017-10-31 11:37:30;2017-10-31 11:37:30
MEMORANDO;2017-10-31 11:37:37;2017-10-31 11:37:37
MEMORANDO CIRCULAR;2017-10-31 11:37:50;2017-10-31 11:37:50
OFÍCIO;2017-10-31 11:38:12;2017-10-31 11:38:12
OFÍCIO CIRCULAR;2017-10-31 11:38:23;2017-10-31 11:38:23
ORDEM DE SERVIÇO;2017-10-31 11:38:36;2017-10-31 11:38:36
PORTARIA;2017-10-31 11:38:44;2017-10-31 11:38:44
REQUERIMENTO;2017-10-31 11:38:53;2017-10-31 11:38:53
